{
	"/": [
		"src/routes/+layout.ts",
		"src/routes/+layout.ts"
	],
	"/present/[[slide]]/[[page]]": [
		"src/routes/present/[[slide]]/[[page]]/+page.ts",
		"src/routes/+layout.ts",
		"src/routes/+layout.ts"
	],
	"/teacher": [
		"src/routes/teacher/+layout.ts",
		"src/routes/+layout.ts"
	],
	"/teacher/attendance": [
		"src/routes/teacher/attendance/+page.ts",
		"src/routes/teacher/+layout.ts",
		"src/routes/+layout.ts"
	],
	"/teacher/weather": [
		"src/routes/teacher/weather/+page.ts",
		"src/routes/teacher/+layout.ts",
		"src/routes/+layout.ts"
	]
}